{
	"info": {
		"_postman_id": "520df321-0e99-4a34-b505-b92c3242c527",
		"name": "Money Minds Copy",
		"description": "Updated User APIs using proper method types and body/query params",
		"schema": "https://schema.getpostman.com/json/collection/v2.1.0/collection.json",
		"_exporter_id": "23880687",
		"_collection_link": "https://shafiq-services.postman.co/workspace/5e1918b2-5012-43b0-a73e-29e0164dc6b8/collection/23880687-520df321-0e99-4a34-b505-b92c3242c527?action=share&source=collection_link&creator=23880687"
	},
	"item": [
		{
			"name": "User",
			"item": [
				{
					"name": "Auth",
					"item": [
						{
							"name": "Send OTP",
							"request": {
								"method": "POST",
								"header": [],
								"url": {
									"raw": "{{base_url}}/user/send-otp?email=emailadress208@gmail.com",
									"host": [
										"{{base_url}}"
									],
									"path": [
										"user",
										"send-otp"
									],
									"query": [
										{
											"key": "email",
											"value": "emailadress208@gmail.com"
										}
									]
								}
							},
							"response": []
						},
						{
							"name": "Verify OTP",
							"request": {
								"method": "POST",
								"header": [],
								"body": {
									"mode": "raw",
									"raw": "{\n  \"email\": \"emailadress208@gmail.com\",\n  \"otp\": \"839920\"\n}",
									"options": {
										"raw": {
											"language": "json"
										}
									}
								},
								"url": {
									"raw": "{{base_url}}/user/verify-otp",
									"host": [
										"{{base_url}}"
									],
									"path": [
										"user",
										"verify-otp"
									]
								}
							},
							"response": []
						},
						{
							"name": "Check Username Availability",
							"request": {
								"auth": {
									"type": "bearer",
									"bearer": [
										{
											"key": "token",
											"value": "{{auth_token}}",
											"type": "string"
										}
									]
								},
								"method": "GET",
								"header": [],
								"url": {
									"raw": "{{base_url}}/user/username-available?username=shafiq",
									"host": [
										"{{base_url}}"
									],
									"path": [
										"user",
										"username-available"
									],
									"query": [
										{
											"key": "username",
											"value": "shafiq"
										}
									]
								}
							},
							"response": []
						},
						{
							"name": "Get Avatars",
							"request": {
								"auth": {
									"type": "bearer",
									"bearer": [
										{
											"key": "token",
											"value": "{{auth_token}}",
											"type": "string"
										}
									]
								},
								"method": "GET",
								"header": [],
								"url": {
									"raw": "{{base_url}}/user/avatars",
									"host": [
										"{{base_url}}"
									],
									"path": [
										"user",
										"avatars"
									]
								}
							},
							"response": []
						},
						{
							"name": "Set Username and Avatar",
							"request": {
								"auth": {
									"type": "bearer",
									"bearer": [
										{
											"key": "token",
											"value": "{{auth_token}}",
											"type": "string"
										}
									]
								},
								"method": "PUT",
								"header": [
									{
										"key": "Authorization",
										"value": "Bearer {{auth_token}}",
										"type": "text"
									}
								],
								"body": {
									"mode": "raw",
									"raw": "{\n  \"username\": \"\",\n  \"avatarUrl\": \"\"\n}",
									"options": {
										"raw": {
											"language": "json"
										}
									}
								},
								"url": {
									"raw": "{{base_url}}/user/set-username-avatar",
									"host": [
										"{{base_url}}"
									],
									"path": [
										"user",
										"set-username-avatar"
									]
								}
							},
							"response": []
						},
						{
							"name": "Modify Avatar",
							"request": {
								"auth": {
									"type": "bearer",
									"bearer": [
										{
											"key": "token",
											"value": "{{auth_token}}",
											"type": "string"
										}
									]
								},
								"method": "PUT",
								"header": [
									{
										"key": "Authorization",
										"value": "Bearer {{auth_token}}",
										"type": "text"
									}
								],
								"body": {
									"mode": "raw",
									"raw": "{\n  \"avatarUrl\": \"\"\n}",
									"options": {
										"raw": {
											"language": "json"
										}
									}
								},
								"url": {
									"raw": "{{base_url}}/user/modify-avatar",
									"host": [
										"{{base_url}}"
									],
									"path": [
										"user",
										"modify-avatar"
									]
								}
							},
							"response": []
						},
						{
							"name": "Modify Username",
							"request": {
								"auth": {
									"type": "bearer",
									"bearer": [
										{
											"key": "token",
											"value": "{{auth_token}}",
											"type": "string"
										}
									]
								},
								"method": "PUT",
								"header": [
									{
										"key": "Authorization",
										"value": "Bearer {{auth_token}}",
										"type": "text"
									}
								],
								"body": {
									"mode": "raw",
									"raw": "{\n  \"username\": \"\"\n}",
									"options": {
										"raw": {
											"language": "json"
										}
									}
								},
								"url": {
									"raw": "{{base_url}}/user/modify-username",
									"host": [
										"{{base_url}}"
									],
									"path": [
										"user",
										"modify-username"
									]
								}
							},
							"response": []
						},
						{
							"name": "Sign Up",
							"request": {
								"method": "POST",
								"header": [],
								"body": {
									"mode": "raw",
									"raw": "{\n  \"email\": \"emailadress208@gmail.com\",\n  \"firstName\": \"Shafiq\",\n  \"lastName\": \"Ahmad\",\n  \"phone\": \"+1234567890\"\n}",
									"options": {
										"raw": {
											"language": "json"
										}
									}
								},
								"url": {
									"raw": "{{base_url}}/user/signup",
									"host": [
										"{{base_url}}"
									],
									"path": [
										"user",
										"signup"
									]
								}
							},
							"response": []
						}
					]
				},
				{
					"name": "Films/Series",
					"item": [
						{
							"name": "Get Random Films",
							"request": {
								"auth": {
									"type": "bearer",
									"bearer": [
										{
											"key": "token",
											"value": "{{auth_token}}",
											"type": "string"
										}
									]
								},
								"method": "GET",
								"header": [],
								"url": {
									"raw": "{{base_url}}/video/films?itemsPerPage=5&pageNo=1",
									"host": [
										"{{base_url}}"
									],
									"path": [
										"video",
										"films"
									],
									"query": [
										{
											"key": "itemsPerPage",
											"value": "5"
										},
										{
											"key": "pageNo",
											"value": "1"
										}
									]
								}
							},
							"response": []
						},
						{
							"name": "Get Random Series",
							"request": {
								"auth": {
									"type": "bearer",
									"bearer": [
										{
											"key": "token",
											"value": "{{auth_token}}",
											"type": "string"
										}
									]
								},
								"method": "GET",
								"header": [],
								"url": {
									"raw": "{{base_url}}/video/series?itemsPerPage=5&pageNo=1",
									"host": [
										"{{base_url}}"
									],
									"path": [
										"video",
										"series"
									],
									"query": [
										{
											"key": "itemsPerPage",
											"value": "5"
										},
										{
											"key": "pageNo",
											"value": "1"
										}
									]
								}
							},
							"response": []
						},
						{
							"name": "Get Suggested Film/Series",
							"request": {
								"auth": {
									"type": "bearer",
									"bearer": [
										{
											"key": "token",
											"value": "{{auth_token}}",
											"type": "string"
										}
									]
								},
								"method": "GET",
								"header": [],
								"url": {
									"raw": "{{base_url}}/video/suggestion",
									"host": [
										"{{base_url}}"
									],
									"path": [
										"video",
										"suggestion"
									]
								}
							},
							"response": []
						}
					]
				},
				{
					"name": "Watch Progress",
					"item": [
						{
							"name": "Get Watch Progress",
							"request": {
								"auth": {
									"type": "bearer",
									"bearer": [
										{
											"key": "token",
											"value": "{{auth_token}}",
											"type": "string"
										}
									]
								},
								"method": "GET",
								"header": [],
								"url": {
									"raw": "{{base_url}}/watch-progress?videoId",
									"host": [
										"{{base_url}}"
									],
									"path": [
										"watch-progress"
									],
									"query": [
										{
											"key": "videoId",
											"value": null
										}
									]
								}
							},
							"response": []
						},
						{
							"name": "Update Watch Progress",
							"request": {
								"auth": {
									"type": "bearer",
									"bearer": [
										{
											"key": "token",
											"value": "{{auth_token}}",
											"type": "string"
										}
									]
								},
								"method": "POST",
								"header": [],
								"url": {
									"raw": "{{base_url}}/watch-progress?videoId=684c52c71e13e9c14179ca3e&progress=10",
									"host": [
										"{{base_url}}"
									],
									"path": [
										"watch-progress"
									],
									"query": [
										{
											"key": "videoId",
											"value": "684c52c71e13e9c14179ca3e"
										},
										{
											"key": "progress",
											"value": "10"
										}
									]
								}
							},
							"response": []
						}
					]
				}
			]
		},
		{
			"name": "Upload",
			"item": [
				{
					"name": "Upload Image",
					"request": {
						"auth": {
							"type": "bearer",
							"bearer": [
								{
									"key": "token",
									"value": "{{auth_token}}",
									"type": "string"
								}
							]
						},
						"method": "POST",
						"header": [],
						"body": {
							"mode": "formdata",
							"formdata": [
								{
									"key": "image",
									"type": "file",
									"src": "/F:/Userfiles/Desktop/Screenshot 2025-06-13 212035.png"
								}
							]
						},
						"url": {
							"raw": "{{base_url}}/upload/image",
							"host": [
								"{{base_url}}"
							],
							"path": [
								"upload",
								"image"
							]
						}
					},
					"response": []
				},
				{
					"name": "Upload Video",
					"request": {
						"auth": {
							"type": "bearer",
							"bearer": [
								{
									"key": "token",
									"value": "{{auth_token}}",
									"type": "string"
								}
							]
						},
						"method": "POST",
						"header": [],
						"body": {
							"mode": "formdata",
							"formdata": [
								{
									"key": "video",
									"type": "file",
									"src": "/F:/Userfiles/Downloads/videoplayback.mp4"
								}
							]
						},
						"url": {
							"raw": "{{base_url}}/upload/video",
							"host": [
								"{{base_url}}"
							],
							"path": [
								"upload",
								"video"
							],
							"query": [
								{
									"key": "",
									"value": null,
									"disabled": true
								}
							]
						}
					},
					"response": []
				},
				{
					"name": "Video Upload Progress",
					"request": {
						"auth": {
							"type": "bearer",
							"bearer": [
								{
									"key": "token",
									"value": "{{auth_token}}",
									"type": "string"
								}
							]
						},
						"method": "GET",
						"header": [],
						"url": {
							"raw": "{{base_url}}/upload/video/status?videoId=a18fec66-d188-4768-af4d-720d6bbc897d",
							"host": [
								"{{base_url}}"
							],
							"path": [
								"upload",
								"video",
								"status"
							],
							"query": [
								{
									"key": "videoId",
									"value": "a18fec66-d188-4768-af4d-720d6bbc897d"
								}
							]
						}
					},
					"response": []
				}
			]
		},
		{
			"name": "Admin",
			"item": [
				{
					"name": "Series",
					"item": [
						{
							"name": "Add Series",
							"request": {
								"auth": {
									"type": "bearer",
									"bearer": [
										{
											"key": "token",
											"value": "{{auth_token}}",
											"type": "string"
										}
									]
								},
								"method": "POST",
								"header": [],
								"body": {
									"mode": "raw",
									"raw": "{ \r\n    \"title\" : \"This is sample title for series testing\", \r\n    \"description\": \"This is sample description for series testing\", \r\n    \"posterUrl\":\"https://money-minds-media.s3.us-east-005.backblazeb2.com/images/02e5daa3-88a4-4fae-8e3c-50244648062d.png\" \r\n}",
									"options": {
										"raw": {
											"language": "json"
										}
									}
								},
								"url": {
									"raw": "{{base_url}}/series/add-series",
									"host": [
										"{{base_url}}"
									],
									"path": [
										"series",
										"add-series"
									]
								}
							},
							"response": []
						}
					]
				},
				{
					"name": "Episode",
					"item": [
						{
							"name": "Add Episode",
							"request": {
								"auth": {
									"type": "bearer",
									"bearer": [
										{
											"key": "token",
											"value": "{{auth_token}}",
											"type": "string"
										}
									]
								},
								"method": "POST",
								"header": [],
								"body": {
									"mode": "raw",
									"raw": "{\r\n  \"title\": \"Sample Episode\",\r\n  \"description\": \"This is a sample episode for testing purposes\",\r\n  \"type\": \"episode\",\r\n  \"seriesId\": \"684c50e53102157ad4250b8b\",\r\n  \"seasonNumber\": 1,\r\n  \"videoUrl\": \"https://money-minds-media.s3.us-east-005.backblazeb2.com/videos/42ffb93e-c6f5-4d65-8f84-bf4ae37e48a3/master.m3u8\",\r\n  \"posterUrl\": \"https://money-minds-media.s3.us-east-005.backblazeb2.com/images/a370de44-66c4-4424-a7b8-a292e5c1578b.png\"\r\n}\r\n\r\n",
									"options": {
										"raw": {
											"language": "json"
										}
									}
								},
								"url": {
									"raw": "{{base_url}}/video/add-video",
									"host": [
										"{{base_url}}"
									],
									"path": [
										"video",
										"add-video"
									]
								}
							},
							"response": []
						}
					]
				},
				{
					"name": "Film",
					"item": [
						{
							"name": "Add Film",
							"request": {
								"auth": {
									"type": "bearer",
									"bearer": [
										{
											"key": "token",
											"value": "{{auth_token}}",
											"type": "string"
										}
									]
								},
								"method": "POST",
								"header": [],
								"body": {
									"mode": "raw",
									"raw": "{\r\n  \"title\": \"Sample Video\",\r\n  \"description\": \"This is a sample video for testing purposes\",\r\n  \"type\": \"film\",\r\n  \"videoUrl\": \"https://money-minds-media.s3.us-east-005.backblazeb2.com/videos/0c2ad998-692e-4501-90f6-4d7905e2d601/master.m3u8\",\r\n  \"posterUrl\": \"https://money-minds-media.s3.us-east-005.backblazeb2.com/images/d7300e3f-d040-4d45-8e00-8ad9d9b5c4d4.png\"\r\n}\r\n",
									"options": {
										"raw": {
											"language": "json"
										}
									}
								},
								"url": {
									"raw": "{{base_url}}/video/add-video",
									"host": [
										"{{base_url}}"
									],
									"path": [
										"video",
										"add-video"
									]
								}
							},
							"response": []
						}
					]
				},
				{
					"name": "Academy",
					"item": [
						{
							"name": "Campus",
							"item": [
								{
									"name": "Add Campus",
									"request": {
										"auth": {
											"type": "bearer",
											"bearer": [
												{
													"key": "token",
													"value": "{{auth_token}}",
													"type": "string"
												}
											]
										},
										"method": "POST",
										"header": [],
										"body": {
											"mode": "raw",
											"raw": "{\n  \"slug\": \"tech-campus\",\n  \"title\": \"Technology Campus\",\n  \"imageUrl\": \"https://example.com/campus-image.jpg\"\n}",
											"options": {
												"raw": {
													"language": "json"
												}
											}
										},
										"url": {
											"raw": "{{base_url}}/campus",
											"host": [
												"{{base_url}}"
											],
											"path": [
												"campus"
											]
										}
									},
									"response": []
								},
								{
									"name": "Edit Campus",
									"request": {
										"auth": {
											"type": "bearer",
											"bearer": [
												{
													"key": "token",
													"value": "{{auth_token}}",
													"type": "string"
												}
											]
										},
										"method": "PUT",
										"header": [],
										"body": {
											"mode": "raw",
											"raw": "{\n  \"title\": \"Tech Campus\",\n  \"imageUrl\": \"https://example.com/updated-image.jpg\"\n}",
											"options": {
												"raw": {
													"language": "json"
												}
											}
										},
										"url": {
											"raw": "{{base_url}}/campus?campusId=68529299ed5ca66a4abe1531",
											"host": [
												"{{base_url}}"
											],
											"path": [
												"campus"
											],
											"query": [
												{
													"key": "campusId",
													"value": "68529299ed5ca66a4abe1531"
												}
											]
										}
									},
									"response": []
								},
								{
									"name": "Delete Campus",
									"request": {
										"auth": {
											"type": "bearer",
											"bearer": [
												{
													"key": "token",
													"value": "{{auth_token}}",
													"type": "string"
												}
											]
										},
										"method": "DELETE",
										"header": [],
										"url": {
											"raw": "{{base_url}}/campus?campusId=",
											"host": [
												"{{base_url}}"
											],
											"path": [
												"campus"
											],
											"query": [
												{
													"key": "campusId",
													"value": ""
												}
											]
										}
									},
									"response": []
								}
							]
						},
						{
							"name": "Course",
							"item": [
								{
									"name": "Add Course",
									"request": {
										"auth": {
											"type": "bearer",
											"bearer": [
												{
													"key": "token",
													"value": "{{auth_token}}",
													"type": "string"
												}
											]
										},
										"method": "POST",
										"header": [],
										"body": {
											"mode": "raw",
											"raw": "{\n  \"campusId\": \"68529243ed5ca66a4abe1528\",\n  \"title\": \"JavaScript Fundamentals\",\n  \"imageUrl\": \"https://encrypted-tbn0.gstatic.com/images?q=tbn:ANd9GcT6gAQnBGubiXmUpsjEWp60PRgeS3AnGMPtDw&s\"\n}",
											"options": {
												"raw": {
													"language": "json"
												}
											}
										},
										"url": {
											"raw": "{{base_url}}/course",
											"host": [
												"{{base_url}}"
											],
											"path": [
												"course"
											]
										}
									},
									"response": []
								},
								{
									"name": "Edit Course",
									"request": {
										"auth": {
											"type": "bearer",
											"bearer": [
												{
													"key": "token",
													"value": "{{auth_token}}",
													"type": "string"
												}
											]
										},
										"method": "PUT",
										"header": [],
										"body": {
											"mode": "raw",
											"raw": "{\n  \"title\": \"Advanced JavaScript\",\n  \"imageUrl\": \"https://example.com/updated-course.jpg\"\n}",
											"options": {
												"raw": {
													"language": "json"
												}
											}
										},
										"url": {
											"raw": "{{base_url}}/course?courseId=",
											"host": [
												"{{base_url}}"
											],
											"path": [
												"course"
											],
											"query": [
												{
													"key": "courseId",
													"value": ""
												}
											]
										}
									},
									"response": []
								},
								{
									"name": "Delete Course",
									"request": {
										"auth": {
											"type": "bearer",
											"bearer": [
												{
													"key": "token",
													"value": "{{auth_token}}",
													"type": "string"
												}
											]
										},
										"method": "DELETE",
										"header": [],
										"url": {
											"raw": "{{base_url}}/course?courseId=",
											"host": [
												"{{base_url}}"
											],
											"path": [
												"course"
											],
											"query": [
												{
													"key": "courseId",
													"value": ""
												}
											]
										}
									},
									"response": []
								}
							]
						},
						{
							"name": "Module",
							"item": [
								{
									"name": "Add Module",
									"request": {
										"auth": {
											"type": "bearer",
											"bearer": [
												{
													"key": "token",
													"value": "{{auth_token}}",
													"type": "string"
												}
											]
										},
										"method": "POST",
										"header": [],
										"body": {
											"mode": "raw",
											"raw": "{\n  \"courseId\": \"68529299ed5ca66a4abe1531\",\n  \"name\": \"Variables and Data Types\"\n}",
											"options": {
												"raw": {
													"language": "json"
												}
											}
										},
										"url": {
											"raw": "{{base_url}}/module",
											"host": [
												"{{base_url}}"
											],
											"path": [
												"module"
											]
										}
									},
									"response": []
								},
								{
									"name": "Edit Module",
									"request": {
										"auth": {
											"type": "bearer",
											"bearer": [
												{
													"key": "token",
													"value": "{{auth_token}}",
													"type": "string"
												}
											]
										},
										"method": "PUT",
										"header": [],
										"body": {
											"mode": "raw",
											"raw": "{\n  \"name\": \"Updated Module Name\"\n}",
											"options": {
												"raw": {
													"language": "json"
												}
											}
										},
										"url": {
											"raw": "{{base_url}}/module?moduleId=",
											"host": [
												"{{base_url}}"
											],
											"path": [
												"module"
											],
											"query": [
												{
													"key": "moduleId",
													"value": ""
												}
											]
										}
									},
									"response": []
								},
								{
									"name": "Delete Module",
									"request": {
										"auth": {
											"type": "bearer",
											"bearer": [
												{
													"key": "token",
													"value": "{{auth_token}}",
													"type": "string"
												}
											]
										},
										"method": "DELETE",
										"header": [],
										"url": {
											"raw": "{{base_url}}/module?moduleId=",
											"host": [
												"{{base_url}}"
											],
											"path": [
												"module"
											],
											"query": [
												{
													"key": "moduleId",
													"value": ""
												}
											]
										}
									},
									"response": []
								}
							]
						},
						{
							"name": "Lesson",
							"item": [
								{
									"name": "Add Lesson",
									"request": {
										"auth": {
											"type": "bearer",
											"bearer": [
												{
													"key": "token",
													"value": "{{auth_token}}",
													"type": "string"
												}
											]
										},
										"method": "POST",
										"header": [],
										"body": {
											"mode": "raw",
											"raw": "{\n  \"moduleId\": \"685299bdc44334e58c196eba\",\n  \"name\": \"Introduction to Variables\",\n  \"videoUrl\": \"https://example.com/video.m3u8\"\n}",
											"options": {
												"raw": {
													"language": "json"
												}
											}
										},
										"url": {
											"raw": "{{base_url}}/lesson",
											"host": [
												"{{base_url}}"
											],
											"path": [
												"lesson"
											]
										}
									},
									"response": []
								},
								{
									"name": "Edit Lesson",
									"request": {
										"auth": {
											"type": "bearer",
											"bearer": [
												{
													"key": "token",
													"value": "{{auth_token}}",
													"type": "string"
												}
											]
										},
										"method": "PUT",
										"header": [],
										"body": {
											"mode": "raw",
											"raw": "{\n  \"name\": \"Updated Lesson Name\",\n  \"videoUrl\": \"https://example.com/updated-video.m3u8\"\n}",
											"options": {
												"raw": {
													"language": "json"
												}
											}
										},
										"url": {
											"raw": "{{base_url}}/lesson?lessonId=",
											"host": [
												"{{base_url}}"
											],
											"path": [
												"lesson"
											],
											"query": [
												{
													"key": "lessonId",
													"value": ""
												}
											]
										}
									},
									"response": []
								},
								{
									"name": "Delete Lesson",
									"request": {
										"auth": {
											"type": "bearer",
											"bearer": [
												{
													"key": "token",
													"value": "{{auth_token}}",
													"type": "string"
												}
											]
										},
										"method": "DELETE",
										"header": [],
										"url": {
											"raw": "{{base_url}}/lesson?lessonId=",
											"host": [
												"{{base_url}}"
											],
											"path": [
												"lesson"
											],
											"query": [
												{
													"key": "lessonId",
													"value": ""
												}
											]
										}
									},
									"response": []
								}
							]
						}
					]
				}
			]
		},
		{
			"name": "Chat",
			"item": [
				{
					"name": "add-channel",
					"request": {
						"auth": { "type": "bearer", "bearer": [{ "key": "token", "value": "{{auth_token}}", "type": "string" }] },
						"method": "POST",
						"header": [
							{ "key": "Authorization", "value": "Bearer {{auth_token}}", "type": "text" },
							{ "key": "Content-Type", "value": "application/json", "type": "text" }
						],
						"body": {
							"mode": "raw",
							"raw": "{\n  \"campusId\": \"\",\n  \"name\": \"\",\n  \"category\": \"\"\n}"
						},
						"url": {
							"raw": "{{base_url}}/chat/channel/add",
							"host": ["{{base_url}}"],
							"path": ["chat", "channel", "add"]
						}
					},
					"response": []
				},
				{
					"name": "list-channels",
					"request": {
						"auth": { "type": "bearer", "bearer": [{ "key": "token", "value": "{{auth_token}}", "type": "string" }] },
						"method": "GET",
						"header": [],
						"url": {
							"raw": "{{base_url}}/chat/channel/list?campusId=",
							"host": ["{{base_url}}"],
							"path": ["chat", "channel", "list"],
							"query": [
								{ "key": "campusId", "value": "" }
							]
						}
					},
					"response": []
				},
				{
					"name": "send-message",
					"request": {
						"auth": { "type": "bearer", "bearer": [{ "key": "token", "value": "{{auth_token}}", "type": "string" }] },
						"method": "POST",
						"header": [
							{ "key": "Authorization", "value": "Bearer {{auth_token}}", "type": "text" },
							{ "key": "Content-Type", "value": "application/json", "type": "text" }
						],
						"body": {
							"mode": "raw",
							"raw": "{\n  \"channelId\": \"\",\n  \"text\": \"\",\n  \"mediaUrl\": \"\",\n  \"mediaType\": \"image\"\n}"
						},
						"url": {
							"raw": "{{base_url}}/chat/channel/message",
							"host": ["{{base_url}}"],
							"path": ["chat", "channel", "message"]
						}
					},
					"response": []
				},
				{
					"name": "get-messages",
					"request": {
						"auth": { "type": "bearer", "bearer": [{ "key": "token", "value": "{{auth_token}}", "type": "string" }] },
						"method": "GET",
						"header": [],
						"url": {
							"raw": "{{base_url}}/chat/channel/messages?channelId=&pageNo=1&itemsPerPage=10",
							"host": ["{{base_url}}"],
							"path": ["chat", "channel", "messages"],
							"query": [
								{ "key": "channelId", "value": "" },
								{ "key": "pageNo", "value": "1" },
								{ "key": "itemsPerPage", "value": "10" }
							]
						}
					},
					"response": []
				},
				{
					"name": "get-members",
					"request": {
						"auth": { "type": "bearer", "bearer": [{ "key": "token", "value": "{{auth_token}}", "type": "string" }] },
						"method": "GET",
						"header": [],
						"url": {
							"raw": "{{base_url}}/chat/channel/members?channelId=",
							"host": ["{{base_url}}"],
							"path": ["chat", "channel", "members"],
							"query": [
								{ "key": "channelId", "value": "" }
							]
						}
					},
					"response": []
				}
			]
		}
	],
	"variable": [
		{
			"key": "base_url",
			"value": "http://localhost:5000/api"
		},
		{
			"key": "auth_token",
			"value": ""
		}
	]
}